Player,Team,Matches,Runs,Balls_Faced,Fours,Sixes,Wickets,Runs_Conceded
Virat Kohli,India,10,520,390,48,12,2,45
Rohit Sharma,India,10,480,350,42,18,1,20
Jasprit Bumrah,India,10,85,70,8,2,18,142
Ravindra Jadeja,India,10,210,165,18,7,12,185
Steve Smith,Australia,10,450,370,40,5,3,55
Travis Head,Australia,10,430,290,44,15,0,0
Pat Cummins,Australia,10,120,105,10,4,15,210
Glenn Maxwell,Australia,10,315,220,25,19,8,175
Joe Root,England,10,410,360,38,4,2,40
Jos Buttler,England,10,390,275,32,17,0,0
Ben Stokes,England,10,280,240,24,10,9,190
Jofra Archer,England,10,75,65,6,3,13,180
Quinton de Kock,South Africa,10,440,310,46,14,0,0
Aiden Markram,South Africa,10,320,250,28,12,7,165
Kagiso Rabada,South Africa,10,95,80,9,3,16,195
Babar Azam,Pakistan,10,460,375,45,6,0,0
Mohammad Rizwan,Pakistan,10,400,320,36,8,0,0
Shaheen Afridi,Pakistan,10,70,60,5,3,17,205
Kane Williamson,New Zealand,10,425,365,39,5,1,35
Rashid Khan,Afghanistan,10,180,130,14,10,18,175